# time,position
0.000000000000000000e+00,0.000000000000000000e+00
1.001001001001000992e-02,5.001500087093941005e-05
2.002002002002001985e-02,1.997084959503553207e-04
3.003003003003002977e-02,4.485230662874184135e-04
4.004004004004003969e-02,7.958618982176281264e-04
5.005005005005004615e-02,1.241093287927060853e-03
6.006006006006005954e-02,1.783550674441707843e-03
7.007007007007007293e-02,2.422532639627471892e-03
8.008008008008007939e-02,3.157302908190171790e-03
9.009009009009008584e-02,3.987090347675536356e-03
1.001001001001000923e-01,4.911088968469212029e-03
1.101101101101101126e-01,5.928457923796757664e-03
1.201201201201201191e-01,7.038361535096893801e-03
1.301301301301301394e-01,8.239927170952343616e-03
1.401401401401401459e-01,9.532183718610478043e-03
1.501501501501501523e-01,1.091413495204753524e-02
1.601601601601601588e-01,1.238476007690984121e-02
1.701701701701701652e-01,1.394301373051379939e-02
1.801801801801801717e-01,1.558782598184589065e-02
1.901901901901901781e-01,1.731810233156268197e-02
2.002002002002001846e-01,1.913272371199081778e-02
2.102102102102102188e-01,2.103054648712703728e-02
2.202202202202202252e-01,2.301040245263812761e-02
2.302302302302302317e-01,2.507109883586099153e-02
2.402402402402402382e-01,2.721141829580259880e-02
2.502502502502502724e-01,2.943011892314000705e-02
2.602602602602602788e-01,3.172593424022034092e-02
2.702702702702702853e-01,3.409757320106081291e-02
2.802802802802802917e-01,3.654372019134870253e-02
2.902902902902902982e-01,3.906303502844141878e-02
3.003003003003003046e-01,4.165415296136640300e-02
3.103103103103103111e-01,4.431568467082118434e-02
3.203203203203203175e-01,4.704621626917340760e-02
3.303303303303303240e-01,4.984430930046074987e-02
3.403403403403403304e-01,5.270850074039098304e-02
3.503503503503503369e-01,5.563730299634200849e-02
3.603603603603603434e-01,5.862920390736172521e-02
3.703703703703703498e-01,6.168266674416821027e-02
3.803803803803803563e-01,6.479613020914951060e-02
3.903903903903903627e-01,6.796800843636383038e-02
4.004004004004003692e-01,7.119669135073619648e-02
4.104104104104104311e-01,7.448099943647179533e-02
4.204204204204204376e-01,7.781963286950746572e-02
4.304304304304304440e-01,8.121085791325634295e-02
4.404404404404404505e-01,8.465294261414822719e-02
4.504504504504504570e-01,8.814415680162961120e-02
4.604604604604604634e-01,9.168277208816361101e-02
4.704704704704704699e-01,9.526706186923007691e-02
4.804804804804804763e-01,9.889530132332546852e-02
4.904904904904904828e-01,1.025657674119629797e-01
5.005005005005005447e-01,1.062767388796724555e-01
5.105105105105105512e-01,1.100264962540003499e-01
5.205205205205205576e-01,1.138133218455098655e-01
5.305305305305305641e-01,1.176354997477808695e-01
5.405405405405405705e-01,1.214913158374098939e-01
5.505505505505505770e-01,1.253790577740101220e-01
5.605605605605605835e-01,1.292970150002114016e-01
5.705705705705705899e-01,1.332434787416603150e-01
5.805805805805805964e-01,1.372167420070200539e-01
5.905905905905906028e-01,1.412150995879705162e-01
6.006006006006006093e-01,1.452368480592082234e-01
6.106106106106106157e-01,1.492802857784464865e-01
6.206206206206206222e-01,1.533437128864151289e-01
6.306306306306306286e-01,1.574254313068608191e-01
6.406406406406406351e-01,1.615237447465466825e-01
6.506506506506506415e-01,1.656369586952526896e-01
6.606606606606606480e-01,1.697633804257755452e-01
6.706706706706706544e-01,1.739013189939283555e-01
6.806806806806806609e-01,1.780490852385411271e-01
6.906906906906906674e-01,1.822049917814604902e-01
7.007007007007006738e-01,1.863673530275496981e-01
7.107107107107106803e-01,1.905344851646887383e-01
7.207207207207206867e-01,1.947047061637742216e-01
7.307307307307306932e-01,1.988763357787193820e-01
7.407407407407406996e-01,2.030476955464542710e-01
7.507507507507507061e-01,2.072171087869255635e-01
7.607607607607607125e-01,2.113829006030964741e-01
7.707707707707707190e-01,2.155433978809470630e-01
7.807807807807807254e-01,2.196969292894739856e-01
7.907907907907907319e-01,2.238418252806906039e-01
8.008008008008007383e-01,2.279764180896268200e-01
8.108108108108108558e-01,2.320990417343294643e-01
8.208208208208208623e-01,2.362080320158617686e-01
8.308308308308308687e-01,2.403017265183037821e-01
8.408408408408408752e-01,2.443789521788024277e-01
8.508508508508508816e-01,2.484394288914772708e-01
8.608608608608608881e-01,2.524814987528047339e-01
8.708708708708708945e-01,2.565034393971417637e-01
8.808808808808809010e-01,2.605035590802797785e-01
8.908908908908909074e-01,2.644801966794446124e-01
9.009009009009009139e-01,2.684317216932966543e-01
9.109109109109109204e-01,2.723565342419305702e-01
9.209209209209209268e-01,2.762530650668756915e-01
9.309309309309309333e-01,2.801197755310957382e-01
9.409409409409409397e-01,2.839551576189887627e-01
9.509509509509509462e-01,2.877577339363874831e-01
9.609609609609609526e-01,2.915260577105588946e-01
9.709709709709709591e-01,2.952587127902046027e-01
9.809809809809809655e-01,2.989543136454606009e-01
9.909909909909909720e-01,3.026115053678972711e-01
1.001001001001001089e+00,3.062289636705196605e-01
1.011011011011011096e+00,3.098053948877669828e-01
1.021021021021021102e+00,3.133395359755131171e-01
1.031031031031031109e+00,3.168301545110663864e-01
1.041041041041041115e+00,3.202760486931695572e-01
1.051051051051051122e+00,3.236760473419998396e-01
1.061061061061061128e+00,3.270290098991688321e-01
1.071071071071071135e+00,3.303338264277226877e-01
1.081081081081081141e+00,3.335894176121420029e-01
1.091091091091091148e+00,3.367947347583418738e-01
1.101101101101101154e+00,3.399487597936717287e-01
1.111111111111111160e+00,3.430505052669155508e-01
1.121121121121121167e+00,3.460990143482917669e-01
1.131131131131131173e+00,3.490933608294532475e-01
1.141141141141141180e+00,3.520326491234874178e-01
1.151151151151151186e+00,3.549160142649159244e-01
1.161161161161161193e+00,3.577426219096950799e-01
1.171171171171171199e+00,3.605116683352156404e-01
1.181181181181181206e+00,3.632223804403028611e-01
1.191191191191191212e+00,3.658740157452162189e-01
1.201201201201201219e+00,3.684658623916498565e-01
1.211211211211211225e+00,3.709972391427323601e-01
1.221221221221221231e+00,3.734674953830267041e-01
1.231231231231231238e+00,3.758760111185304176e-01
1.241241241241241244e+00,3.782221969766753622e-01
1.251251251251251251e+00,3.805054942063279544e-01
1.261261261261261257e+00,3.827253746777891097e-01
1.271271271271271264e+00,3.848813408827940208e-01
1.281281281281281270e+00,3.869729259345124905e-01
1.291291291291291277e+00,3.889996935675488210e-01
1.301301301301301283e+00,3.909612381379415913e-01
1.311311311311311290e+00,3.928571846231639908e-01
1.321321321321321296e+00,3.946871886221236525e-01
1.331331331331331302e+00,3.964509363551625976e-01
1.341341341341341309e+00,3.981481221288799000e-01
1.351351351351351315e+00,3.997781693338532394e-01
1.361361361361361322e+00,4.013406310260065335e-01
1.371371371371371328e+00,4.028351623888502542e-01
1.381381381381381335e+00,4.042614489936008360e-01
1.391391391391391341e+00,4.056192067991806205e-01
1.401401401401401348e+00,4.069081821522181341e-01
1.411411411411411354e+00,4.081281517870477549e-01
1.421421421421421361e+00,4.092789228257098788e-01
1.431431431431431367e+00,4.103603327779508647e-01
1.441441441441441373e+00,4.113722495412232005e-01
1.451451451451451380e+00,4.123145714006852258e-01
1.461461461461461386e+00,4.131872270292012983e-01
1.471471471471471393e+00,4.139901754873418493e-01
1.481481481481481399e+00,4.147234062233832730e-01
1.491491491491491406e+00,4.153869390733078704e-01
1.501501501501501412e+00,4.159808242608040718e-01
1.511511511511511419e+00,4.165051423972662148e-01
1.521521521521521425e+00,4.169600044817945994e-01
1.531531531531531432e+00,4.173455519011956549e-01
1.541541541541541438e+00,4.176619564299816623e-01
1.551551551551551444e+00,4.179094202303710315e-01
1.561561561561561451e+00,4.180881758522880243e-01
1.571571571571571457e+00,4.181984862333630315e-01
1.581581581581581464e+00,4.182406446989323512e-01
1.591591591591591470e+00,4.182149749620382440e-01
1.601601601601601477e+00,4.181218311234291551e-01
1.611611611611611705e+00,4.179615976715592152e-01
1.621621621621621712e+00,4.177346894825889057e-01
1.631631631631631718e+00,4.174415518203843933e-01
1.641641641641641725e+00,4.170826603365180296e-01
1.651651651651651731e+00,4.166585210702681286e-01
1.661661661661661737e+00,4.161696704486189113e-01
1.671671671671671744e+00,4.156166752862606728e-01
1.681681681681681750e+00,4.150001327855896704e-01
1.691691691691691757e+00,4.143206705367081799e-01
1.701701701701701763e+00,4.135789465174244950e-01
1.711711711711711770e+00,4.127756490932528166e-01
1.721721721721721776e+00,4.119114970174134194e-01
1.731731731731731783e+00,4.109872394308325405e-01
1.741741741741741789e+00,4.100036558621424909e-01
1.751751751751751796e+00,4.089615562276813776e-01
1.761761761761761802e+00,4.078617808314934923e-01
1.771771771771771808e+00,4.067051988968520271e-01
1.781781781781781815e+00,4.054920577712804453e-01
1.791791791791791821e+00,4.042226742779319038e-01
1.801801801801801828e+00,4.028978854998571113e-01
1.811811811811811834e+00,4.015185391887427513e-01
1.821821821821821841e+00,4.000854937649112597e-01
1.831831831831831847e+00,3.985996183173209362e-01
1.841841841841841854e+00,3.970617926035661105e-01
1.851851851851851860e+00,3.954729070498766985e-01
1.861861861861861867e+00,3.938338627511187018e-01
1.871871871871871873e+00,3.921455714707938744e-01
1.881881881881881879e+00,3.904089556410398343e-01
1.891891891891891886e+00,3.886249483626301182e-01
1.901901901901901892e+00,3.867944934049740158e-01
1.911911911911911899e+00,3.849185452061167911e-01
1.921921921921921905e+00,3.829980688727394611e-01
1.931931931931931912e+00,3.810340401801589616e-01
1.941941941941941918e+00,3.790274455723280922e-01
1.951951951951951925e+00,3.769792821618355161e-01
1.961961961961961931e+00,3.748905577299057046e-01
1.971971971971971938e+00,3.727622907263990482e-01
1.981981981981981944e+00,3.705955102698117454e-01
1.991991991991991950e+00,3.683912561472759140e-01
2.002002002002002179e+00,3.661505788145593687e-01
2.012012012012012185e+00,3.638745393960660102e-01
2.022022022022022192e+00,3.615642096848355469e-01
2.032032032032032198e+00,3.592206721425433846e-01
2.042042042042042205e+00,3.568450198995009592e-01
2.052052052052052211e+00,3.544383567546554592e-01
2.062062062062062218e+00,3.520017971755899922e-01
2.072072072072072224e+00,3.495364662985235293e-01
2.082082082082082231e+00,3.470434999283108501e-01
2.092092092092092237e+00,3.445240445384425976e-01
2.102102102102102243e+00,3.419792572710453893e-01
2.112112112112112250e+00,3.394103059368814845e-01
2.122122122122122256e+00,3.368183690153492282e-01
2.132132132132132263e+00,3.342046356544826624e-01
2.142142142142142269e+00,3.315703056709517482e-01
2.152152152152152276e+00,3.289165895500623660e-01
2.162162162162162282e+00,3.262447084457560931e-01
2.172172172172172289e+00,3.235558941806105371e-01
2.182182182182182295e+00,3.208513892458391137e-01
2.192192192192192302e+00,3.181324468012909912e-01
2.202202202202202308e+00,3.154002926070504920e-01
2.212212212212212314e+00,3.126551766549535150e-01
2.222222222222222321e+00,3.098979403274932376e-01
2.232232232232232327e+00,3.071298796946245746e-01
2.242242242242242334e+00,3.043522776991093304e-01
2.252252252252252340e+00,3.015664041565161435e-01
2.262262262262262347e+00,2.987735157552207088e-01
2.272272272272272353e+00,2.959748560564052777e-01
2.282282282282282360e+00,2.931716554940592134e-01
2.292292292292292366e+00,2.903651313749786023e-01
2.302302302302302373e+00,2.875564878787665313e-01
2.312312312312312379e+00,2.847469160578328662e-01
2.322322322322322385e+00,2.819375938373943069e-01
2.332332332332332392e+00,2.791296860154745541e-01
2.342342342342342398e+00,2.763243442629039759e-01
2.352352352352352405e+00,2.735227071233200524e-01
2.362362362362362411e+00,2.707259000131668758e-01
2.372372372372372418e+00,2.679350352216955944e-01
2.382382382382382424e+00,2.651512119109641352e-01
2.392392392392392431e+00,2.623755161158373705e-01
2.402402402402402437e+00,2.596090207439869513e-01
2.412412412412412444e+00,2.568527855758914180e-01
2.422422422422422450e+00,2.541078572648361455e-01
2.432432432432432456e+00,2.513752693369135649e-01
2.442442442442442463e+00,2.486560421910226637e-01
2.452452452452452469e+00,2.459511830988695691e-01
2.462462462462462476e+00,2.432616862049671314e-01
2.472472472472472482e+00,2.405885325266350905e-01
2.482482482482482489e+00,2.379326899540001317e-01
2.492492492492492495e+00,2.352951132499956910e-01
2.502502502502502502e+00,2.326767440503621498e-01
2.512512512512512508e+00,2.300785108636467235e-01
2.522522522522522515e+00,2.275013290712034619e-01
2.532532532532532521e+00,2.249461009271933876e-01
2.542542542542542527e+00,2.224137155585843018e-01
2.552552552552552534e+00,2.199050489651508677e-01
2.562562562562562540e+00,2.174209640194746940e-01
2.572572572572572547e+00,2.149623104669441953e-01
2.582582582582582553e+00,2.125299249257546208e-01
2.592592592592592560e+00,2.101246308869081647e-01
2.602602602602602566e+00,2.077472387142138555e-01
2.612612612612612573e+00,2.053985456442876112e-01
2.622622622622622579e+00,2.030793357865521842e-01
2.632632632632632586e+00,2.007903801232371332e-01
2.642642642642642592e+00,1.985324365093790178e-01
2.652652652652652598e+00,1.963062496728212314e-01
2.662662662662662605e+00,1.941125512142139464e-01
2.672672672672672611e+00,1.919520596070142804e-01
2.682682682682682618e+00,1.898254801974862127e-01
2.692692692692692624e+00,1.877335052047005570e-01
2.702702702702702631e+00,1.856768112688606531e-01
2.712712712712712637e+00,1.836556247511594575e-01
2.722722722722722644e+00,1.816703308206698009e-01
2.732732732732732650e+00,1.797216430220485994e-01
2.742742742742742657e+00,1.778102514380438814e-01
2.752752752752752663e+00,1.759368226894947596e-01
2.762762762762762669e+00,1.741019999353315140e-01
2.772772772772772676e+00,1.723064028725755370e-01
2.782782782782782682e+00,1.705506277363392775e-01
2.792792792792792689e+00,1.688352472998263520e-01
2.802802802802802695e+00,1.671608108743315446e-01
2.812812812812812702e+00,1.655278443092406959e-01
2.822822822822822708e+00,1.639368499920307864e-01
2.832832832832832715e+00,1.623883068482698810e-01
2.842842842842842721e+00,1.608826703416172399e-01
2.852852852852852727e+00,1.594203724738231798e-01
2.862862862862862734e+00,1.580018217847291850e-01
2.872872872872872740e+00,1.566274033522677966e-01
2.882882882882882747e+00,1.552974787924627509e-01
2.892892892892892753e+00,1.540123862594288406e-01
2.902902902902902760e+00,1.527724404453719986e-01
2.912912912912912766e+00,1.515779325805893252e-01
2.922922922922922773e+00,1.504291304334689494e-01
2.932932932932932779e+00,1.493262783104902514e-01
2.942942942942942786e+00,1.482695970562235566e-01
2.952952952952952792e+00,1.472592840533304692e-01
2.962962962962962798e+00,1.462955132225636223e-01
2.972972972972972805e+00,1.453784350227668165e-01
2.982982982982982811e+00,1.445081764508749367e-01
2.992992992992992818e+00,1.436848410419139799e-01
3.003003003003002824e+00,1.429085088690011662e-01
3.013013013013012831e+00,1.421792365433446892e-01
3.023023023023022837e+00,1.414970572142439376e-01
3.033033033033032844e+00,1.408619805690894677e-01
3.043043043043042850e+00,1.402739928333628372e-01
3.053053053053052857e+00,1.397330567706368265e-01
3.063063063063062863e+00,1.392391116825753006e-01
3.073073073073072869e+00,1.387920734089332364e-01
3.083083083083082876e+00,1.383918343275567231e-01
3.093093093093092882e+00,1.380382633543829618e-01
3.103103103103102889e+00,1.377312059434403768e-01
3.113113113113112895e+00,1.374704840868483935e-01
3.123123123123122902e+00,1.372558963148175770e-01
3.133133133133132908e+00,1.370872176956496324e-01
3.143143143143142915e+00,1.369641998357374046e-01
3.153153153153152921e+00,1.368865708795648228e-01
3.163163163163162928e+00,1.368540355097069838e-01
3.173173173173172934e+00,1.368662749468300410e-01
3.183183183183182940e+00,1.369229469496913154e-01
3.193193193193192947e+00,1.370237268520393958e-01
3.203203203203202953e+00,1.371688529259592060e-01
3.213213213213213404e+00,1.373582247876924678e-01
3.223223223223223410e+00,1.375915443158217122e-01
3.233233233233233417e+00,1.378685004247989232e-01
3.243243243243243423e+00,1.381887690649453437e-01
3.253253253253253430e+00,1.385520132224515033e-01
3.263263263263263436e+00,1.389578829193772458e-01
3.273273273273273443e+00,1.394060152136517572e-01
3.283283283283283449e+00,1.398960341990735101e-01
3.293293293293293456e+00,1.404275510053102360e-01
3.303303303303303462e+00,1.410001637978990641e-01
3.313313313313313468e+00,1.416134577782463821e-01
3.323323323323323475e+00,1.422670051836278649e-01
3.333333333333333481e+00,1.429603652871885566e-01
3.343343343343343488e+00,1.436930843979427330e-01
3.353353353353353494e+00,1.444646958607740672e-01
3.363363363363363501e+00,1.452747200564354357e-01
3.373373373373373507e+00,1.461226644015491405e-01
3.383383383383383514e+00,1.470080233486066590e-01
3.393393393393393520e+00,1.479302783859688941e-01
3.403403403403403527e+00,1.488888980378660076e-01
3.413413413413413533e+00,1.498833378643974479e-01
3.423423423423423539e+00,1.509130404615320054e-01
3.433433433433433546e+00,1.519774354611077571e-01
3.443443443443443552e+00,1.530759395308320947e-01
3.453453453453453559e+00,1.542079563742817516e-01
3.463463463463463565e+00,1.553728767309027203e-01
3.473473473473473572e+00,1.565700783760102799e-01
3.483483483483483578e+00,1.577989261207891070e-01
3.493493493493493585e+00,1.590587718122931093e-01
3.503503503503503591e+00,1.603489543334455369e-01
3.513513513513513598e+00,1.616687996030389263e-01
3.523523523523523604e+00,1.630176205757351282e-01
3.533533533533533610e+00,1.643947172420653358e-01
3.543543543543543617e+00,1.657993766284300008e-01
3.553553553553553623e+00,1.672308727970989173e-01
3.563563563563563630e+00,1.686884668462111381e-01
3.573573573573573636e+00,1.701714069097750859e-01
3.583583583583583643e+00,1.716789281576684700e-01
3.593593593593593649e+00,1.732102527956382865e-01
3.603603603603603656e+00,1.747645900653008455e-01
3.613613613613613662e+00,1.763411362441417718e-01
3.623623623623623669e+00,1.779390746455160321e-01
3.633633633633633675e+00,1.795575756186478245e-01
3.643643643643643681e+00,1.811957965486307442e-01
3.653653653653653688e+00,1.828528818564276182e-01
3.663663663663663694e+00,1.845279629988706149e-01
3.673673673673673701e+00,1.862201584686611899e-01
3.683683683683683707e+00,1.879288780844181328e-01
3.693693693693693714e+00,1.896542298658634718e-01
3.703703703703703720e+00,1.913954370791734194e-01
3.713713713713713727e+00,1.931516530533454734e-01
3.723723723723723733e+00,1.949220362794088501e-01
3.733733733733733740e+00,1.967057504104245680e-01
3.743743743743743746e+00,1.985019642614853086e-01
3.753753753753753752e+00,2.003098518097155556e-01
3.763763763763763759e+00,2.021285921942715114e-01
3.773773773773773765e+00,2.039573697163411803e-01
3.783783783783783772e+00,2.057953738391442855e-01
3.793793793793793778e+00,2.076417991879322411e-01
3.803803803803803785e+00,2.094958455499882910e-01
3.813813813813813791e+00,2.113567178746274255e-01
3.823823823823823798e+00,2.132236262731962984e-01
3.833833833833833804e+00,2.150957860190733928e-01
3.843843843843843811e+00,2.169724175476689387e-01
3.853853853853853817e+00,2.188527464564248570e-01
3.863863863863863823e+00,2.207360035048148428e-01
3.873873873873873830e+00,2.226214246143443931e-01
3.883883883883883836e+00,2.245082508685506684e-01
3.893893893893893843e+00,2.263957285130026031e-01
3.903903903903903849e+00,2.282831089553009618e-01
3.913913913913913856e+00,2.301696487650780887e-01
3.923923923923923862e+00,2.320546096739982689e-01
3.933933933933933869e+00,2.339372585757573675e-01
3.943943943943943875e+00,2.358168675260831071e-01
3.953953953953953881e+00,2.376927137427349290e-01
3.963963963963963888e+00,2.395640796055040211e-01
3.973973973973973894e+00,2.414302526562132900e-01
3.983983983983983901e+00,2.432905255987174442e-01
3.993993993993993907e+00,2.451441962989028556e-01
4.004004004004004358e+00,2.469905677846878644e-01
4.014014014014014364e+00,2.488289482460221691e-01
4.024024024024024371e+00,2.506586510348875474e-01
4.034034034034034377e+00,2.524789946652974404e-01
4.044044044044044384e+00,2.542893028132969802e-01
4.054054054054054390e+00,2.560889043169630730e-01
4.064064064064064397e+00,2.578771331764044272e-01
4.074074074074074403e+00,2.596533285537614422e-01
4.084084084084084409e+00,2.614168347732063191e-01
4.094094094094094416e+00,2.631670013209428949e-01
4.104104104104104422e+00,2.649031828452068638e-01
4.114114114114114429e+00,2.666247391562656111e-01
4.124124124124124435e+00,2.683310352264183241e-01
4.134134134134134442e+00,2.700214411899958256e-01
4.144144144144144448e+00,2.716953323433609069e-01
4.154154154154154455e+00,2.733522142406343280e-01
4.164164164164164461e+00,2.749923373661595227e-01
4.174174174174174468e+00,2.766151920902863992e-01
4.184184184184184474e+00,2.782201042528608115e-01
4.194194194194194480e+00,2.798064160266796052e-01
4.204204204204204487e+00,2.813734859174911729e-01
4.214214214214214493e+00,2.829206887639950097e-01
4.224224224224224500e+00,2.844474157378420465e-01
4.234234234234234506e+00,2.859530743436343170e-01
4.244244244244244513e+00,2.874370884189252906e-01
4.254254254254254519e+00,2.888988981342196505e-01
4.264264264264264526e+00,2.903379599929734045e-01
4.274274274274274532e+00,2.917537468315938298e-01
4.284284284284284539e+00,2.931457478194394173e-01
4.294294294294294545e+00,2.945134684588200380e-01
4.304304304304304551e+00,2.958564305849967768e-01
4.314314314314314558e+00,2.971741723661820433e-01
4.324324324324324564e+00,2.984662483035395719e-01
4.334334334334334571e+00,2.997322292311843106e-01
4.344344344344344577e+00,3.009717023161824212e-01
4.354354354354354584e+00,3.021842710585515568e-01
4.364364364364364590e+00,3.033695552912604176e-01
4.374374374374374597e+00,3.045271911802291953e-01
4.384384384384384603e+00,3.056568312243292951e-01
4.394394394394394610e+00,3.067581442553832805e-01
4.404404404404404616e+00,3.078308154381651507e-01
4.414414414414414622e+00,3.088745462704001188e-01
4.424424424424424629e+00,3.098890545827647780e-01
4.434434434434434635e+00,3.108740745388868243e-01
4.444444444444444642e+00,3.118293566353453894e-01
4.454454454454454648e+00,3.127546677016708743e-01
4.464464464464464655e+00,3.136497909003448936e-01
4.474474474474474661e+00,3.145145257268003314e-01
4.484484484484484668e+00,3.153486880094215072e-01
4.494494494494494674e+00,3.161521099095438436e-01
4.504504504504504681e+00,3.169246399214541432e-01
4.514514514514514687e+00,3.176661428723904779e-01
4.524524524524524693e+00,3.183764999225421888e-01
4.534534534534534700e+00,3.190556085650499418e-01
4.544544544544544706e+00,3.197033826260056166e-01
4.554554554554554713e+00,3.203197522644524176e-01
4.564564564564564719e+00,3.209046639723848737e-01
4.574574574574574726e+00,3.214580805747487280e-01
4.584584584584584732e+00,3.219799812294409924e-01
4.594594594594594739e+00,3.224703614273100039e-01
4.604604604604604745e+00,3.229292329921554794e-01
4.614614614614614752e+00,3.233566240807281833e-01
4.624624624624624758e+00,3.237525791827303712e-01
4.634634634634634764e+00,3.241171591208155123e-01
4.644644644644644771e+00,3.244504410505883452e-01
4.654654654654654777e+00,3.247525184606048776e-01
4.664664664664664784e+00,3.250235011723724976e-01
4.674674674674674790e+00,3.252635153403497514e-01
4.684684684684684797e+00,3.254727034519465101e-01
4.694694694694694803e+00,3.256512243275240248e-01
4.704704704704704810e+00,3.257992531203946496e-01
4.714714714714714816e+00,3.259169813168221186e-01
4.724724724724724823e+00,3.260046140243605950e-01
4.734734734734734829e+00,3.260618725470852408e-01
4.744744744744744835e+00,3.260885459492758875e-01
4.754754754754754842e+00,3.260847728281150437e-01
4.764764764764764848e+00,3.260507016310295603e-01
4.774774774774774855e+00,3.259864906556902975e-01
4.784784784784784861e+00,3.258923080500124025e-01
4.794794794794794868e+00,3.257683318121553095e-01
4.804804804804804874e+00,3.256147497905225174e-01
4.814814814814814881e+00,3.254317596837618121e-01
4.824824824824824887e+00,3.252195690407651552e-01
4.834834834834834894e+00,3.249783952606687398e-01
4.844844844844844900e+00,3.247084655928528241e-01
4.854854854854854906e+00,3.244100171369421193e-01
4.864864864864864913e+00,3.240832968428053462e-01
4.874874874874874919e+00,3.237285615105554570e-01
4.884884884884884926e+00,3.233460777905496353e-01
4.894894894894894932e+00,3.229361221833892959e-01
4.904904904904904939e+00,3.224989810399200296e-01
4.914914914914914945e+00,3.220349505612316032e-01
4.924924924924924952e+00,3.215443367986580148e-01
4.934934934934934958e+00,3.210274556537774382e-01
4.944944944944944965e+00,3.204846328784122789e-01
4.954954954954954971e+00,3.199162040746292290e-01
4.964964964964964977e+00,3.193225146947389348e-01
4.974974974974974984e+00,3.187039200412965512e-01
4.984984984984984990e+00,3.180607852671011315e-01
4.994994994994994997e+00,3.173934853751962382e-01
5.005005005005005003e+00,3.167024052188694427e-01
5.015015015015015010e+00,3.159879395016524928e-01
5.025025025025025016e+00,3.152504927773214782e-01
5.035035035035035023e+00,3.144904794498966094e-01
5.045045045045045029e+00,3.137083237736422725e-01
5.055055055055055035e+00,3.129044598530671406e-01
5.065065065065065042e+00,3.120793316429240627e-01
5.075075075075075048e+00,3.112333929482100081e-01
5.085085085085085055e+00,3.103671074241662886e-01
5.095095095095095061e+00,3.094809485762782808e-01
5.105105105105105068e+00,3.085753997602756482e-01
5.115115115115115074e+00,3.076509541821322857e-01
5.125125125125125081e+00,3.067081148980661531e-01
5.135135135135135087e+00,3.057473948145395526e-01
5.145145145145145094e+00,3.047693166882589622e-01
5.155155155155155100e+00,3.037744131261749803e-01
5.165165165165165106e+00,3.027632265854824922e-01
5.175175175175175113e+00,3.017363093736205593e-01
5.185185185185185119e+00,3.006942236482724740e-01
5.195195195195195126e+00,2.996375107143420813e-01
5.205205205205205132e+00,2.985661791888004069e-01
5.215215215215215139e+00,2.974805723818817471e-01
5.225225225225225145e+00,2.963812401570891097e-01
5.235235235235235152e+00,2.952687305437080023e-01
5.245245245245245158e+00,2.941435897368062657e-01
5.255255255255255165e+00,2.930063620972341853e-01
5.265265265265265171e+00,2.918575901516243243e-01
5.275275275275275177e+00,2.906978145923917456e-01
5.285285285285285184e+00,2.895275742777337902e-01
5.295295295295295190e+00,2.883474062316302988e-01
5.305305305305305197e+00,2.871578456438434457e-01
5.315315315315315203e+00,2.859594258699177938e-01
5.325325325325325210e+00,2.847526784311802950e-01
5.335335335335335216e+00,2.835381330147402901e-01
5.345345345345345223e+00,2.823163174734894532e-01
5.355355355355355229e+00,2.810877578261020138e-01
5.365365365365365236e+00,2.798529782570344238e-01
5.375375375375375242e+00,2.786125011165255794e-01
5.385385385385385248e+00,2.773668469205967102e-01
5.395395395395395255e+00,2.761165343510515457e-01
5.405405405405405261e+00,2.748620802554761489e-01
5.415415415415415268e+00,2.736039996472389157e-01
5.425425425425425274e+00,2.723428057054907425e-01
5.435435435435435281e+00,2.710790097751648031e-01
5.445445445445445287e+00,2.698131213669766604e-01
5.455455455455455294e+00,2.685456481574243770e-01
5.465465465465465300e+00,2.672770959887883491e-01
5.475475475475475307e+00,2.660079688691313060e-01
5.485485485485485313e+00,2.647387689722984216e-01
5.495495495495495319e+00,2.634699966379172031e-01
5.505505505505505326e+00,2.622021503713976021e-01
5.515515515515515332e+00,2.609357268439320143e-01
5.525525525525525339e+00,2.596712208924950582e-01
5.535535535535535345e+00,2.584091255198439074e-01
5.545545545545545352e+00,2.571499318945179580e-01
5.555555555555555358e+00,2.558941293508391057e-01
5.565565565565565365e+00,2.546422053889116910e-01
5.575575575575575371e+00,2.533946456746222764e-01
5.585585585585585378e+00,2.521519340396399245e-01
5.595595595595595384e+00,2.509145524814160866e-01
5.605605605605605390e+00,2.496829811631845197e-01
5.615615615615615397e+00,2.484576984139614531e-01
5.625625625625625403e+00,2.472391807285454768e-01
5.635635635635635410e+00,2.460279027675175700e-01
5.645645645645645416e+00,2.448243373572410730e-01
5.655655655655655423e+00,2.436289553002392305e-01
5.665665665665665429e+00,2.424417925498230653e-01
5.675675675675675436e+00,2.412629512229775564e-01
5.685685685685685442e+00,2.400929393274731372e-01
5.695695695695695449e+00,2.389322543880183503e-01
5.705705705705705455e+00,2.377813834462597919e-01
5.715715715715715461e+00,2.366408030607821678e-01
5.725725725725725468e+00,2.355109793071082924e-01
5.735735735735735474e+00,2.343923677776990067e-01
5.745745745745745481e+00,2.332854135819532881e-01
5.755755755755755487e+00,2.321905513462082238e-01
5.765765765765765494e+00,2.311082052137389264e-01
5.775775775775775500e+00,2.300387888447586460e-01
5.785785785785785507e+00,2.289827054164186859e-01
5.795795795795795513e+00,2.279403476228084868e-01
5.805805805805805520e+00,2.269120976749555707e-01
5.815815815815815526e+00,2.258983273008254578e-01
5.825825825825825532e+00,2.248993977453218884e-01
5.835835835835835539e+00,2.239156597702866014e-01
5.845845845845845545e+00,2.229474536544994445e-01
5.855855855855855552e+00,2.219951091936784027e-01
5.865865865865865558e+00,2.210589457004794867e-01
5.875875875875875565e+00,2.201392720044968165e-01
5.885885885885885571e+00,2.192363864522625938e-01
5.895895895895895578e+00,2.183505769072471570e-01
5.905905905905905584e+00,2.174821207498588704e-01
5.915915915915915591e+00,2.166312848774442079e-01
5.925925925925925597e+00,2.157983257042877245e-01
5.935935935935935603e+00,2.149834891616121402e-01
5.945945945945945610e+00,2.141870106975781174e-01
5.955955955955955616e+00,2.134091152772845668e-01
5.965965965965965623e+00,2.126500173827683415e-01
5.975975975975975629e+00,2.119099210130044875e-01
5.985985985985985636e+00,2.111890196839061318e-01
5.995995995995995642e+00,2.104874964283243999e-01
6.006006006006005649e+00,2.098055237960486374e-01
6.016016016016015655e+00,2.091432638538061606e-01
6.026026026026025662e+00,2.085008681852624501e-01
6.036036036036035668e+00,2.078784778910210407e-01
6.046046046046045674e+00,2.072762235886235760e-01
6.056056056056055681e+00,2.066942254125497813e-01
6.066066066066065687e+00,2.061325930142174356e-01
6.076076076076075694e+00,2.055914255619824549e-01
6.086086086086085700e+00,2.050708117411388920e-01
6.096096096096095707e+00,2.045708297539187148e-01
6.106106106106105713e+00,2.040915473194921392e-01
6.116116116116115720e+00,2.036330216739674626e-01
6.126126126126125726e+00,2.031952995703909526e-01
6.136136136136135732e+00,2.027784172787471251e-01
6.146146146146145739e+00,2.023824005859584108e-01
6.156156156156155745e+00,2.020072647958854883e-01
6.166166166166165752e+00,2.016530147293270347e-01
6.176176176176175758e+00,2.013196447240198361e-01
6.186186186186185765e+00,2.010071386346387601e-01
6.196196196196195771e+00,2.007154698327968112e-01
6.206206206206205778e+00,2.004446012070449923e-01
6.216216216216215784e+00,2.001944851628724709e-01
6.226226226226225791e+00,1.999650824513553027e-01
6.236236236236235797e+00,1.997566245987270339e-01
6.246246246246245803e+00,1.995691877825341853e-01
6.256256256256255810e+00,1.994027512281841275e-01
6.266266266266265816e+00,1.992572863685460327e-01
6.276276276276275823e+00,1.991327568439509865e-01
6.286286286286285829e+00,1.990291185021920151e-01
6.296296296296295836e+00,1.989463193985239187e-01
6.306306306306305842e+00,1.988842997956634662e-01
6.316316316316315849e+00,1.988429921637892561e-01
6.326326326326325855e+00,1.988223211805418278e-01
6.336336336336335862e+00,1.988222037310235224e-01
6.346346346346345868e+00,1.988425489077986219e-01
6.356356356356355874e+00,1.988832580108932935e-01
6.366366366366365881e+00,1.989442245477955618e-01
6.376376376376375887e+00,1.990253342334553366e-01
6.386386386386385894e+00,1.991264649902843853e-01
6.396396396396395900e+00,1.992474869481564159e-01
6.406406406406405907e+00,1.993882624444069662e-01
6.416416416416416801e+00,1.995486460238335147e-01
6.426426426426426808e+00,1.997284844386953417e-01
6.436436436436436814e+00,1.999276166487136408e-01
6.446446446446446821e+00,2.001458738210715460e-01
6.456456456456456827e+00,2.003830793304140212e-01
6.466466466466466834e+00,2.006390487588478877e-01
6.476476476476476840e+00,2.009135898959418798e-01
6.486486486486486847e+00,2.012065027387266170e-01
6.496496496496496853e+00,2.015175794916946317e-01
6.506506506506506859e+00,2.018466045668002584e-01
6.516516516516516866e+00,2.021933545834597723e-01
6.526526526526526872e+00,2.025575983685513060e-01
6.536536536536536879e+00,2.029390969564149050e-01
6.546546546546546885e+00,2.033376035888524447e-01
6.556556556556556892e+00,2.037528637151277411e-01
6.566566566566566898e+00,2.041846149919664677e-01
6.576576576576576905e+00,2.046325872835561832e-01
6.586586586586586911e+00,2.050965026615462761e-01
6.596596596596596918e+00,2.055760754050481032e-01
6.606606606606606924e+00,2.060710120006348511e-01
6.616616616616616930e+00,2.065810111423416195e-01
6.626626626626626937e+00,2.071057637316653377e-01
6.636636636636636943e+00,2.076449528775648756e-01
6.646646646646646950e+00,2.081982538964609331e-01
6.656656656656656956e+00,2.087653343122361504e-01
6.666666666666666963e+00,2.093458538562350257e-01
6.676676676676676969e+00,2.099394644672638865e-01
6.686686686686686976e+00,2.105458427525020437e-01
6.696696696696696982e+00,2.111649930792529328e-01
6.706706706706706989e+00,2.117966742664590951e-01
6.716716716716716995e+00,2.124405471894131869e-01
6.726726726726727001e+00,2.130962723466179320e-01
6.736736736736737008e+00,2.137635098597862882e-01
6.746746746746747014e+00,2.144419194738412249e-01
6.756756756756757021e+00,2.151311605569158902e-01
6.766766766766767027e+00,2.158308921003535830e-01
6.776776776776777034e+00,2.165407727187077247e-01
6.786786786786787040e+00,2.172604606497418323e-01
6.796796796796797047e+00,2.179896137544295454e-01
6.806806806806807053e+00,2.187278895169547099e-01
6.816816816816817060e+00,2.194749450447111838e-01
6.826826826826827066e+00,2.202304370683030865e-01
6.836836836836837072e+00,2.209940219415445495e-01
6.846846846846847079e+00,2.217653556414599103e-01
6.856856856856857085e+00,2.225440937682835740e-01
6.866866866866867092e+00,2.233298915454601241e-01
6.876876876876877098e+00,2.241224038196442669e-01
6.886886886886887105e+00,2.249212850607008318e-01
6.896896896896897111e+00,2.257261893617047155e-01
6.906906906906907118e+00,2.265367704389410763e-01
6.916916916916917124e+00,2.273526816319050570e-01
6.926926926926927131e+00,2.281735759033020339e-01
6.936936936936937137e+00,2.289991058390474510e-01
6.946946946946947143e+00,2.298289236482669307e-01
6.956956956956957150e+00,2.306626811632961904e-01
6.966966966966967156e+00,2.315000298396810707e-01
6.976976976976977163e+00,2.323406207561775350e-01
6.986986986986987169e+00,2.331841046147517527e-01
6.996996996996997176e+00,2.340301317405799053e-01
7.007007007007007182e+00,2.348783520820484083e-01
7.017017017017017189e+00,2.357284152107537167e-01
7.027027027027027195e+00,2.365799703215024918e-01
7.037037037037037202e+00,2.374326662323114623e-01
7.047047047047047208e+00,2.382861513844075352e-01
7.057057057057057214e+00,2.391400738422277128e-01
7.067067067067067221e+00,2.399940812934191203e-01
7.077077077077077227e+00,2.408478210488390336e-01
7.087087087087087234e+00,2.417009400425548793e-01
7.097097097097097240e+00,2.425530848318441512e-01
7.107107107107107247e+00,2.434039015971944941e-01
7.117117117117117253e+00,2.442530361423037588e-01
7.127127127127127260e+00,2.451001338940797802e-01
7.137137137137137266e+00,2.459450332039504195e-01
7.147147147147147273e+00,2.467876961778948386e-01
7.157157157157157279e+00,2.476277526148128183e-01
7.167167167167167285e+00,2.484648327111640131e-01
7.177177177177177292e+00,2.492985728462896455e-01
7.187187187187187298e+00,2.501286155824123947e-01
7.197197197197197305e+00,2.509546096646365632e-01
7.207207207207207311e+00,2.517762100209479104e-01
7.217217217217217318e+00,2.525930777622137358e-01
7.227227227227227324e+00,2.534048801821828789e-01
7.237237237237237331e+00,2.542112907574856639e-01
7.247247247247247337e+00,2.550119891476341216e-01
7.257257257257257343e+00,2.558066611950215452e-01
7.267267267267267350e+00,2.565949989249229346e-01
7.277277277277277356e+00,2.573767005454947188e-01
7.287287287287287363e+00,2.581514704477749778e-01
7.297297297297297369e+00,2.589190192056832207e-01
7.307307307307307376e+00,2.596790635760205523e-01
7.317317317317317382e+00,2.604313264984694509e-01
7.327327327327327389e+00,2.611755370955941569e-01
7.337337337337337395e+00,2.619114306728402286e-01
7.347347347347347402e+00,2.626387487185349312e-01
7.357357357357357408e+00,2.633572389038869033e-01
7.367367367367367414e+00,2.640666550829864345e-01
7.377377377377377421e+00,2.647667572928052437e-01
7.387387387387387427e+00,2.654573117531965898e-01
7.397397397397397434e+00,2.661380908668953826e-01
7.407407407407407440e+00,2.668088732195179058e-01
7.417417417417417447e+00,2.674694435795620939e-01
7.427427427427427453e+00,2.681195928984072552e-01
7.437437437437437460e+00,2.687591183103144044e-01
7.447447447447447466e+00,2.693878231324259853e-01
7.457457457457457473e+00,2.700055168647659820e-01
7.467467467467467479e+00,2.706120151902398629e-01
7.477477477477477485e+00,2.712071399746348033e-01
7.487487487487487492e+00,2.717907192666192406e-01
7.497497497497497498e+00,2.723625872977433193e-01
7.507507507507507505e+00,2.729225844824387237e-01
7.517517517517517511e+00,2.734705574180185672e-01
7.527527527527527518e+00,2.740063588846775033e-01
7.537537537537537524e+00,2.745298478454918367e-01
7.547547547547547531e+00,2.750408894464192455e-01
7.557557557557557537e+00,2.755393550162990590e-01
7.567567567567567544e+00,2.760251220668519800e-01
7.577577577577577550e+00,2.764980742926804735e-01
7.587587587587587556e+00,2.769581015712682670e-01
7.597597597597597563e+00,2.774050999629807945e-01
7.607607607607607569e+00,2.778389717110650303e-01
7.617617617617617576e+00,2.782596252416493221e-01
7.627627627627627582e+00,2.786669751637437242e-01
7.637637637637637589e+00,2.790609422692396646e-01
7.647647647647647595e+00,2.794414535329102223e-01
7.657657657657657602e+00,2.798084421124099053e-01
7.667667667667667608e+00,2.801618473482748728e-01
7.677677677677677615e+00,2.805016039157894880e-01
7.687687687687687621e+00,2.808275947466172817e-01
7.697697697697697627e+00,2.811397378610577813e-01
7.707707707707707634e+00,2.814379642055536146e-01
7.717717717717717640e+00,2.817222109633426008e-01
7.727727727727727647e+00,2.819924215544579171e-01
7.737737737737737653e+00,2.822485456357279321e-01
7.747747747747747660e+00,2.824905391007764277e-01
7.757757757757757666e+00,2.827183640800223774e-01
7.767767767767767673e+00,2.829319889406802235e-01
7.777777777777777679e+00,2.831313882867595444e-01
7.787787787787787686e+00,2.833165429590652762e-01
7.797797797797797692e+00,2.834874400351976576e-01
7.807807807807807698e+00,2.836440728295522296e-01
7.817817817817817705e+00,2.837864408933197802e-01
7.827827827827827711e+00,2.839145500144864553e-01
7.837837837837837718e+00,2.840284122178337034e-01
7.847847847847847724e+00,2.841280457649382196e-01
7.857857857857857731e+00,2.842134751541720017e-01
7.867867867867867737e+00,2.842847311207024608e-01
7.877877877877877744e+00,2.843418506364921439e-01
7.887887887887887750e+00,2.843848769102989560e-01
7.897897897897897757e+00,2.844138593876762156e-01
7.907907907907907763e+00,2.844288537509723214e-01
7.917917917917917769e+00,2.844299219193311412e-01
7.927927927927927776e+00,2.844171320486917898e-01
7.937937937937937782e+00,2.843905585317886286e-01
7.947947947947947789e+00,2.843502819981514884e-01
7.957957957957957795e+00,2.842963893141052245e-01
7.967967967967967802e+00,2.842289735827702724e-01
7.977977977977977808e+00,2.841481341440621478e-01
7.987987987987987815e+00,2.840539765746918355e-01
7.997997997997997821e+00,2.839466126881654562e-01
8.008008008008008716e+00,2.838261605347845440e-01
8.018018018018018722e+00,2.836927444016458799e-01
8.028028028028028729e+00,2.835464948126416029e-01
8.038038038038038735e+00,2.833875485284590989e-01
8.048048048048048742e+00,2.832160485465810562e-01
8.058058058058058748e+00,2.830321441012854655e-01
8.068068068068068754e+00,2.828359906636456200e-01
8.078078078078078761e+00,2.826277499415301153e-01
8.088088088088088767e+00,2.824075898796028494e-01
8.098098098098098774e+00,2.821756846593230228e-01
8.108108108108108780e+00,2.819322146989450273e-01
8.118118118118118787e+00,2.816773666535187792e-01
8.128128128128128793e+00,2.814113289144246632e-01
8.138138138138138800e+00,2.811341105287530895e-01
8.148148148148148806e+00,2.808457969783000330e-01
8.158158158158158813e+00,2.805465697136735881e-01
8.168168168168168819e+00,2.802366120892007539e-01
8.178178178178178825e+00,2.799161093629277675e-01
8.188188188188188832e+00,2.795852486966198258e-01
8.198198198198198838e+00,2.792442191557611419e-01
8.208208208208208845e+00,2.788932117095552221e-01
8.218218218218218851e+00,2.785324192309244218e-01
8.228228228228228858e+00,2.781620364965103342e-01
8.238238238238238864e+00,2.777822601866735130e-01
8.248248248248248871e+00,2.773932888854935830e-01
8.258258258258258877e+00,2.769953230807692957e-01
8.268268268268268884e+00,2.765885651640185294e-01
8.278278278278278890e+00,2.761732194304781229e-01
8.288288288288288896e+00,2.757494920791040416e-01
8.298298298298298903e+00,2.753175912125712665e-01
8.308308308308308909e+00,2.748777268372739058e-01
8.318318318318318916e+00,2.744301108633252495e-01
8.328328328328328922e+00,2.739749571045573817e-01
8.338338338338338929e+00,2.735124812785217352e-01
8.348348348348348935e+00,2.730429010064886475e-01
8.358358358358358942e+00,2.725664358134475829e-01
8.368368368368368948e+00,2.720833071281071325e-01
8.378378378378378954e+00,2.715937382828948476e-01
8.388388388388388961e+00,2.710979545139574620e-01
8.398398398398398967e+00,2.705961829611606695e-01
8.408408408408408974e+00,2.700886526680894018e-01
8.418418418418418980e+00,2.695755945820474397e-01
8.428428428428428987e+00,2.690572415540578022e-01
8.438438438438438993e+00,2.685338283388625791e-01
8.448448448448449000e+00,2.680055915949228762e-01
8.458458458458459006e+00,2.674727698844188151e-01
8.468468468468469013e+00,2.669356036732497550e-01
8.478478478478479019e+00,2.663943353310340156e-01
8.488488488488489025e+00,2.658492091311089323e-01
8.498498498498499032e+00,2.653004712505310780e-01
8.508508508508509038e+00,2.647483697700759864e-01
8.518518518518519045e+00,2.641931546742382619e-01
8.528528528528529051e+00,2.636350778512316362e-01
8.538538538538539058e+00,2.630743930929888563e-01
8.548548548548549064e+00,2.625113560951618519e-01
8.558558558558559071e+00,2.619462128282983304e-01
8.568568568568569077e+00,2.613790003252635663e-01
8.578578578578579084e+00,2.608098994760078004e-01
8.588588588588589090e+00,2.602391756259328504e-01
8.598598598598599096e+00,2.596670911848507068e-01
8.608608608608609103e+00,2.590939056269836449e-01
8.618618618618619109e+00,2.585198754909643348e-01
8.628628628628629116e+00,2.579452543798356201e-01
8.638638638638639122e+00,2.573702929610506285e-01
8.648648648648649129e+00,2.567952389664727719e-01
8.658658658658659135e+00,2.562203371923758022e-01
8.668668668668669142e+00,2.556458294994435887e-01
8.678678678678679148e+00,2.550719548127705072e-01
8.688688688688689155e+00,2.544989491218610511e-01
8.698698698698699161e+00,2.539270454806299981e-01
8.708708708708709167e+00,2.533564740074024102e-01
8.718718718718719174e+00,2.527874618849137445e-01
8.728728728728729180e+00,2.522202333603095203e-01
8.738738738738739187e+00,2.516550097451457635e-01
8.748748748748749193e+00,2.510920094153886173e-01
8.758758758758759200e+00,2.505314478114145649e-01
8.768768768768769206e+00,2.499735374380103736e-01
8.778778778778779213e+00,2.494184878643730119e-01
8.788788788788789219e+00,2.488665057241098155e-01
8.798798798798799226e+00,2.483177947152383769e-01
8.808808808808809232e+00,2.477725556001865170e-01
8.818818818818819238e+00,2.472309862057924246e-01
8.828828828828829245e+00,2.466932814233044613e-01
8.838838838838839251e+00,2.461596332083813565e-01
8.848848848848849258e+00,2.456302305810920683e-01
8.858858858858859264e+00,2.451052596259158112e-01
8.868868868868869271e+00,2.445849034917421116e-01
8.878878878878879277e+00,2.440693423918708083e-01
8.888888888888889284e+00,2.435587536040119405e-01
8.898898898898899290e+00,2.430533114702858599e-01
8.908908908908909297e+00,2.425531873972232022e-01
8.918918918918919303e+00,2.420585498557648874e-01
8.928928928928929309e+00,2.415695643812620919e-01
8.938938938938939316e+00,2.410863935734762764e-01
8.948948948948949322e+00,2.406091970965791860e-01
8.958958958958959329e+00,2.401381316791528220e-01
8.968968968968969335e+00,2.396733511141894701e-01
8.978978978978979342e+00,2.392150062590917559e-01
8.988988988988989348e+00,2.387632450356724501e-01
8.998998998998999355e+00,2.383182124301547467e-01
9.009009009009009361e+00,2.378800504931719850e-01
9.019019019019019368e+00,2.374488983397678998e-01
9.029029029029029374e+00,2.370248921493963989e-01
9.039039039039039380e+00,2.366081651659217577e-01
9.049049049049049387e+00,2.361988476976184803e-01
9.059059059059059393e+00,2.357970671171713273e-01
9.069069069069069400e+00,2.354029442909610637e-01
9.079079079079079406e+00,2.350165017383920862e-01
9.089089089089089413e+00,2.346378269120148463e-01
9.099099099099099419e+00,2.342670524781301500e-01
9.109109109109109426e+00,2.339043063029258851e-01
9.119119119119119432e+00,2.335497114524771045e-01
9.129129129129129439e+00,2.332033861927459706e-01
9.139139139139139445e+00,2.328654439895817829e-01
9.149149149149149451e+00,2.325359935087210062e-01
9.159159159159159458e+00,2.322151386157871866e-01
9.169169169169169464e+00,2.319029783762910080e-01
9.179179179179179471e+00,2.315996070556303466e-01
9.189189189189189477e+00,2.313051141190901605e-01
9.199199199199199484e+00,2.310195842318425175e-01
9.209209209209209490e+00,2.307430972589467055e-01
9.219219219219219497e+00,2.304757282653490391e-01
9.229229229229229503e+00,2.302175475158830253e-01
9.239239239239239510e+00,2.299686204752692809e-01
9.249249249249249516e+00,2.297290078081156151e-01
9.259259259259259522e+00,2.294987653789168636e-01
9.269269269269269529e+00,2.292779442520550826e-01
9.279279279279279535e+00,2.290665906917994099e-01
9.289289289289289542e+00,2.288647461623061763e-01
9.299299299299299548e+00,2.286724473276187386e-01
9.309309309309309555e+00,2.284897260516677298e-01
9.319319319319319561e+00,2.283166093982707534e-01
9.329329329329329568e+00,2.281531196311326892e-01
9.339339339339339574e+00,2.279992742138454709e-01
9.349349349349349581e+00,2.278550858098881693e-01
9.359359359359359587e+00,2.277205622826270204e-01
9.369369369369369593e+00,2.275957066953153696e-01
9.379379379379379600e+00,2.274805173110936718e-01
9.389389389389389606e+00,2.273749875929895747e-01
9.399399399399399613e+00,2.272791062039177801e-01
9.409409409409409619e+00,2.271928570066801822e-01
9.419419419419419626e+00,2.271162190639658407e-01
9.429429429429429632e+00,2.270491666383508134e-01
9.439439439439439639e+00,2.269916691922984342e-01
9.449449449449449645e+00,2.269436913881590911e-01
9.459459459459459651e+00,2.269051930881703094e-01
9.469469469469469658e+00,2.268761293544567792e-01
9.479479479479479664e+00,2.268564504490302725e-01
9.489489489489489671e+00,2.268461018337897817e-01
9.499499499499499677e+00,2.268450241705213255e-01
9.509509509509509684e+00,2.268531533208981155e-01
9.519519519519519690e+00,2.268704203464804725e-01
9.529529529529529697e+00,2.268967515087159104e-01
9.539539539539539703e+00,2.269320682689389690e-01
9.549549549549549710e+00,2.269762872883713811e-01
9.559559559559559716e+00,2.270293204281220445e-01
9.569569569569569722e+00,2.270910873974153199e-01
9.579579579579579729e+00,2.271616581285760827e-01
9.589589589589589735e+00,2.272410032174095040e-01
9.599599599599599742e+00,2.273290442467955086e-01
9.609609609609609748e+00,2.274257004477853450e-01
9.619619619619619755e+00,2.275308886996015578e-01
9.629629629629629761e+00,2.276445235296379321e-01
9.639639639639639768e+00,2.277665171134595212e-01
9.649649649649649774e+00,2.278967792748027299e-01
9.659659659659659781e+00,2.280352174855751757e-01
9.669669669669669787e+00,2.281817368658557998e-01
9.679679679679679793e+00,2.283362401838948119e-01
9.689689689689689800e+00,2.284986278561136896e-01
9.699699699699699806e+00,2.286687979471051790e-01
9.709709709709709813e+00,2.288466461696333498e-01
9.719719719719719819e+00,2.290320658846335677e-01
9.729729729729729826e+00,2.292249481012123835e-01
9.739739739739739832e+00,2.294251814766477271e-01
9.749749749749749839e+00,2.296326523163887412e-01
9.759759759759759845e+00,2.298472445740559200e-01
9.769769769769769852e+00,2.300688398514409705e-01
9.779779779779779858e+00,2.302973173985069233e-01
9.789789789789789864e+00,2.305325541133880773e-01
9.799799799799799871e+00,2.307744245423899998e-01
9.809809809809809877e+00,2.310228008799895816e-01
9.819819819819819884e+00,2.312775529688349263e-01
9.829829829829829890e+00,2.315385482997454614e-01
9.839839839839839897e+00,2.318056520117119101e-01
9.849849849849849903e+00,2.320787268918962365e-01
9.859859859859859910e+00,2.323576333756317280e-01
9.869869869869869916e+00,2.326422295464229129e-01
9.879879879879879923e+00,2.329323711359456150e-01
9.889889889889889929e+00,2.332279115240469547e-01
9.899899899899899935e+00,2.335287017387453479e-01
9.909909909909909942e+00,2.338345904562304234e-01
9.919919919919919948e+00,2.341454240008631338e-01
9.929929929929929955e+00,2.344610463451757554e-01
9.939939939939939961e+00,2.347812991098717494e-01
9.949949949949949968e+00,2.351060215638259565e-01
9.959959959959959974e+00,2.354350506240844298e-01
9.969969969969969981e+00,2.357682208558645187e-01
9.979979979979979987e+00,2.361053644725548961e-01
9.989989989989989994e+00,2.364463113357154478e-01
1.000000000000000000e+01,2.367908889550773832e-01
